{"LR": {"2": {"ts_acc": 0.9335307666995722, "ts_acc-std": 2.1872075320541874e-05, "ts_pre": 0.0, "ts_pre-std": 0.0, "ts_rec": 0.0, "ts_rec-std": 0.0, "ts_fs": 0.0, "ts_fs-std": 0.0, "ts_auc": 0.5, "ts_auc-std": 0.0, "tr_acc": 0.9335307595024427, "tr_acc-std": 2.1872076504669824e-05, "tr_pre": 0.0, "tr_pre-std": 0.0, "tr_rec": 0.0, "tr_rec-std": 0.0, "tr_fs": 0.0, "tr_fs-std": 0.0, "tr_auc": 0.5, "tr_auc-std": 0.0, "best_model": "saved", "grid_cvresults": "saved"}}, "DT": {"2": {"ts_acc": 0.7203027311615663, "ts_acc-std": 0.06440286716920839, "ts_pre": 0.15570098144215266, "ts_pre-std": 0.03384831830613532, "ts_rec": 0.678216192794008, "ts_rec-std": 0.0049504947814911, "ts_fs": 0.25155886974640745, "ts_fs-std": 0.04520044789310456, "ts_auc": 0.7007585303505438, "ts_auc-std": 0.036793772754021556, "tr_acc": 0.7479314646062161, "tr_acc-std": 0.03627906170957346, "tr_pre": 0.18816544126936002, "tr_pre-std": 0.024492786578741252, "tr_rec": 0.8217821782178218, "tr_rec-std": 0.009900990099009854, "tr_fs": 0.30556746329439505, "tr_fs-std": 0.03314221412495982, "tr_auc": 0.7007585303505438, "tr_auc-std": 0.036793772754021556, "best_model": "saved", "grid_cvresults": "saved"}}, "RF": {"2": {"ts_acc": 0.8226390259953932, "ts_acc-std": 0.023962699232815344, "ts_pre": 0.20718008831476328, "ts_pre-std": 0.013154565440116985, "ts_rec": 0.579229097638293, "ts_rec-std": 0.06435643215938423, "ts_fs": 0.30338352172669547, "ts_fs-std": 0.005220101533195913, "ts_auc": 0.7096008038737917, "ts_auc-std": 0.017049562956820707, "tr_acc": 0.8565271906725338, "tr_acc-std": 0.013867546169571365, "tr_pre": 0.2969494047619048, "tr_pre-std": 0.012574404761904773, "tr_rec": 0.8366336633663367, "tr_rec-std": 0.06435643564356436, "tr_fs": 0.4371151918069079, "tr_fs-std": 0.0048111538021572975, "tr_auc": 0.7096008038737917, "tr_auc-std": 0.017049562956820707, "best_model": "saved", "grid_cvresults": "saved"}}, "PCAKNN": {"2": {"ts_acc": 0.930898321816387, "ts_acc-std": 0.0026551833218279725, "ts_pre": 0.0, "ts_pre-std": 0.0, "ts_rec": 0.0, "ts_rec-std": 0.0, "ts_fs": 0.0, "ts_fs-std": 0.0, "ts_auc": 0.4985900268767425, "ts_auc-std": 0.0014104371591836383, "tr_acc": 0.9328726482103877, "tr_acc-std": 2.2088631717542828e-05, "tr_pre": 0.21428571428571427, "tr_pre-std": 0.21428571428571427, "tr_rec": 0.01485148514851485, "tr_rec-std": 0.01485148514851485, "tr_fs": 0.02777777777777778, "tr_fs-std": 0.02777777777777778, "tr_auc": 0.4985900268767425, "tr_auc-std": 0.0014104371591836383, "best_model": "saved", "grid_cvresults": "saved"}}, "KNN": {"2": {"ts_acc": 0.8894373149062191, "ts_acc-std": 0.005228508777604927, "ts_pre": 0.1068253467387308, "ts_pre-std": 0.010054461123028416, "ts_rec": 0.0891089108910891, "ts_rec-std": 0.0, "ts_fs": 0.09695217815336796, "ts_fs-std": 0.004170044949728154, "ts_auc": 0.5177656598190545, "ts_auc-std": 0.002810437679768635, "tr_acc": 1.0, "tr_acc-std": 0.0, "tr_pre": 1.0, "tr_pre-std": 0.0, "tr_rec": 1.0, "tr_rec-std": 0.0, "tr_fs": 1.0, "tr_fs-std": 0.0, "tr_auc": 0.5177656598190545, "tr_auc-std": 0.002810437679768635, "best_model": "saved", "grid_cvresults": "saved"}}, "XGB": {"2": {"ts_acc": 0.933201711089174, "ts_acc-std": 0.00035103598113397076, "ts_pre": 0.0, "ts_pre-std": 0.0, "ts_rec": 0.0, "ts_rec-std": 0.0, "ts_fs": 0.0, "ts_fs-std": 0.0, "ts_auc": 0.4998237533595928, "ts_auc-std": 0.0001763046448979548, "tr_acc": 0.9338597068708638, "tr_acc-std": 0.0003508194449257096, "tr_pre": 0.5, "tr_pre-std": 0.5, "tr_rec": 0.0049504950495049506, "tr_rec-std": 0.0049504950495049506, "tr_fs": 0.00980392156862745, "tr_fs-std": 0.00980392156862745, "tr_auc": 0.4998237533595928, "tr_auc-std": 0.0001763046448979548, "best_model": "saved", "grid_cvresults": "saved"}}}