mean_fit_time,std_fit_time,mean_score_time,std_score_time,param_subsample,param_min_child_weight,param_max_depth,param_gamma,param_colsample_bytree,params,split0_test_score,split1_test_score,split2_test_score,mean_test_score,std_test_score,rank_test_score,split0_train_score,split1_train_score,split2_train_score,mean_train_score,std_train_score
3.4205501079559326,0.05204263036443766,0.028324683507283527,0.0012468526161072604,1.0,5,3,5,1.0,"{'subsample': 1.0, 'min_child_weight': 5, 'max_depth': 3, 'gamma': 5, 'colsample_bytree': 1.0}",0.8593378505461647,0.8653228738068968,0.8507098341301024,0.8584582482694835,0.00599738694567947,5,0.8819543658623404,0.872466574911126,0.8815827452657781,0.8786678953464149,0.004387619462593622
5.4782125155131025,0.0438947012504813,0.07297635078430176,0.0014137739400585845,0.6,1,5,1.5,0.8,"{'subsample': 0.6, 'min_child_weight': 1, 'max_depth': 5, 'gamma': 1.5, 'colsample_bytree': 0.8}",0.8613609510260182,0.8810765033826713,0.8545073902749014,0.8656493900135261,0.011261725479284718,2,0.9312119574583917,0.9204389693483089,0.9299327926622676,0.9271945731563228,0.004805392994823542
5.026026725769043,0.04086322517767727,0.07764164606730144,0.0036802178722201177,0.8,5,5,1,0.8,"{'subsample': 0.8, 'min_child_weight': 5, 'max_depth': 5, 'gamma': 1, 'colsample_bytree': 0.8}",0.8578066600757155,0.8748668967891162,0.8495154869968581,0.8607310222500438,0.010553138409916396,4,0.9199145608205511,0.9091958293765601,0.9196900856513661,0.9162668252828258,0.005000788911442864
3.634481191635132,0.04971893891732829,0.042319138844807945,0.0009422911612157905,1.0,5,5,5,0.6,"{'subsample': 1.0, 'min_child_weight': 5, 'max_depth': 5, 'gamma': 5, 'colsample_bytree': 0.6}",0.8629395641934524,0.8732937857287622,0.8536840084902677,0.8633072830735612,0.008008911672364324,3,0.8958473933359211,0.8826932653070262,0.8959731476173515,0.8915046020867662,0.006230767497899683
4.755448341369629,0.11200821425276956,0.05431556701660156,0.005555701504987663,0.8,1,4,1,1.0,"{'subsample': 0.8, 'min_child_weight': 1, 'max_depth': 4, 'gamma': 1, 'colsample_bytree': 1.0}",0.8630311944893219,0.8811392348053235,0.8561589925226288,0.866777585406335,0.010535638480345277,1,0.9244812765059571,0.9105751816425584,0.9222263405488023,0.9190942662324392,0.0060938376375853165
